image,PO Number,Order Number,Name,requested,Confirmed,Rejected
https://artifact.prod.dpc.nike.io/v1/dpc/artifacts/2482106c-e7b8-4d32-a297-0cc51ddc918f?format=png&height=100&width=100&Expires=1674247611&Key-Pair-Id=APKAIY5MFB6ZHRUC3VEA&Signature=ZSaR27pqq8crGSoI0jxhYZ0-S4Fitm81CSvOVlZnbdUheKaM4j0r2214IU1vs-fGesQUwNyGPQp0WyA5RQmWy3YWx7BXkvyAVmlnWjVy5XQtC4zZFGLoUzndGRhBjz9Rt9FXXn2bl4OWE~Hvyv9cBYC7oyyVwIpvkUJZgwJQjKyAGn269b1ogp8jWkfxqGyURYr0f5Yvqkox0r3NHzqzLrzQcWWQAuKIJSzg2XHT1~YZwViGqjKeaIkACVeUiERlp5u18E6nRt3KpyDUfxRjBGG9JXrR9~Dxta2VrnT~DNRmKgbbuSaL2FE-5JRQKnVyiIzjj54WtYgQRvQBbWlPkA__,FU-BELNKEMA010123 ,7355758298,"NIKE SPORTSWEAR CLUB FLEECE
WHEAT GOLD/WHEAT GOLD/WHITE
Apparel
BV2645-725",19,CONFIRMED 0,19
https://artifact.prod.dpc.nike.io/v1/dpc/artifacts/2482106c-e7b8-4d32-a297-0cc51ddc918f?format=png&height=100&width=100&Expires=1674247611&Key-Pair-Id=APKAIY5MFB6ZHRUC3VEA&Signature=ZSaR27pqq8crGSoI0jxhYZ0-S4Fitm81CSvOVlZnbdUheKaM4j0r2214IU1vs-fGesQUwNyGPQp0WyA5RQmWy3YWx7BXkvyAVmlnWjVy5XQtC4zZFGLoUzndGRhBjz9Rt9FXXn2bl4OWE~Hvyv9cBYC7oyyVwIpvkUJZgwJQjKyAGn269b1ogp8jWkfxqGyURYr0f5Yvqkox0r3NHzqzLrzQcWWQAuKIJSzg2XHT1~YZwViGqjKeaIkACVeUiERlp5u18E6nRt3KpyDUfxRjBGG9JXrR9~Dxta2VrnT~DNRmKgbbuSaL2FE-5JRQKnVyiIzjj54WtYgQRvQBbWlPkA__,FU-LANNKEMA010123 ,7355751247,"NIKE SPORTSWEAR CLUB FLEECE
WHEAT GOLD/WHEAT GOLD/WHITE
Apparel
BV2645-725",22,CONFIRMED 0,22
https://artifact.prod.dpc.nike.io/v1/dpc/artifacts/10050e36-d006-4e60-9447-0227433af573?format=png&height=100&width=100&Expires=1674247794&Key-Pair-Id=APKAIY5MFB6ZHRUC3VEA&Signature=eNNaAP0o6BW5PR8DD4FWoWQq0PZ9Mab~fkz4Ayg~4sjQSXIqSyS1vfTa6UO8CxXNDDnHcVtznE9YSEqELhG2gpQQ2nT-402jnXVQ1k~nMlmxeXqtchqu1gSl9Y-wcTQR3B3WMxyelgajF5OdGld8vlNe8KT9TOmP357crn~~tdQqcSPm-kcGTTPgx8Xo-IT8WhMbHEUhhmEWtIgAofNIYRGJm5zGUffLybUNIrmEqpyXaTlDsaVfiC7O92MViRhMSw7K8ASUFZagouZmDaDMiA4SdIDNyqClzVt21yZ3H-kXHme2LLALUpP2NGU3HM5Hmknog35NFdJ8ydrWEytkfw__,FU-BELNKEWA010123_2 ,7355746252,"NIKE SPORTSWEAR CLUB FLEECE
HYPER ROYAL/HTR/WHITE
Apparel
DQ5775-405",10,CONFIRMED 0,10
https://artifact.prod.dpc.nike.io/v1/dpc/artifacts/b1b72099-fd2d-45d3-9598-4c6c55f8d2c2?format=png&height=100&width=100&Expires=1674247907&Key-Pair-Id=APKAIY5MFB6ZHRUC3VEA&Signature=sQXez7eu3qzQjLH0vAB6SJNHizVS90jSn63CF-b5tT-s2q41XlAUmEEDr6-Z3Irx3lk34S-cjeCE3LH49oJ9vxHfJk7J7cuP1UYqgMNiwHhghR665g65dyYIwKVWxv~k0~5Yemx3xjg~wTmA4Rhv9GAtd4zKhXig5VyYmFEq2rydZAxGOaNl92baVEtSAMgDOZYA-nvFAiTN9SgjHex8BkFM49lv~dkW8ypwADSpr5LsaetwA6StRjDvi~gAg41cJxPDNvEZ2tMdUMLVRM3rnLhs9kCKjw-eDCu7hdtYzedvacQs-uOOnwJvUl7E6W7TSUJgyUhLWBlLMpQR3P9KDw__,FU-BELNKEWA010123-TF ,7355745031,"NIKE SPORTSWEAR TECH FLEECE
PEARL PINK/BLACK
Apparel
CW4292-664",11,CONFIRMED 0,11
https://artifact.prod.dpc.nike.io/v1/dpc/artifacts/10050e36-d006-4e60-9447-0227433af573?format=png&height=100&width=100&Expires=1674247794&Key-Pair-Id=APKAIY5MFB6ZHRUC3VEA&Signature=eNNaAP0o6BW5PR8DD4FWoWQq0PZ9Mab~fkz4Ayg~4sjQSXIqSyS1vfTa6UO8CxXNDDnHcVtznE9YSEqELhG2gpQQ2nT-402jnXVQ1k~nMlmxeXqtchqu1gSl9Y-wcTQR3B3WMxyelgajF5OdGld8vlNe8KT9TOmP357crn~~tdQqcSPm-kcGTTPgx8Xo-IT8WhMbHEUhhmEWtIgAofNIYRGJm5zGUffLybUNIrmEqpyXaTlDsaVfiC7O92MViRhMSw7K8ASUFZagouZmDaDMiA4SdIDNyqClzVt21yZ3H-kXHme2LLALUpP2NGU3HM5Hmknog35NFdJ8ydrWEytkfw__,FU-LANNKEWA010123_2 ,7355742909,"NIKE SPORTSWEAR CLUB FLEECE
HYPER ROYAL/HTR/WHITE
Apparel
DQ5775-405",14,CONFIRMED 0,14
https://artifact.prod.dpc.nike.io/v1/dpc/artifacts/1e33f392-8327-4529-9160-c720cc91f300?format=png&height=100&width=100&Expires=1674248074&Key-Pair-Id=APKAIY5MFB6ZHRUC3VEA&Signature=E9JDk1xrXOlszZQ~D~EUj4cywjC0JGgta0SiMtrfvg99nSSxsGyq3sJKTgjuizI~LiwOW7guEpsisPIzZAl8ZLVl53P0sNw5jD71xRCYAYhmP4QqY63pWduRVyg4Leydyfbmxj3rEbTvSAWqU0OU-JBbBvbGJvwVt7iO91fUEirnxv6Sk5qGE5rSYveLD3XC5NIYGLFoP8G1NI2-uRbJuWBy~As685HByP3stJv6ST1XFm4fyv1aTtwrk6MYvDbeaLoGytlnu8MwWIEf0AyHyRRtMA2asMpjP6eQsLZj3b1nHeLmzDQ9KUxqENsFZLa2RAAE0MgGWPwuB7VY5sWjfg__,12/20/2022,7355740048,"NIKE SPORTSWEAR
ACTIVE FUCHSIA/WHITE
Apparel
DV7850-623",12,CONFIRMED 0,12
https://artifact.prod.dpc.nike.io/v1/dpc/artifacts/babc5129-45e1-4d0a-939d-37d91d88edc9?format=png&height=100&width=100&Expires=1674248074&Key-Pair-Id=APKAIY5MFB6ZHRUC3VEA&Signature=M7cXcpa1b2ndkOq6LbsnDdw~kjdC98BIB9R7CXtnJi9GbM-U3N6tRxyQk5BCFAPUKM9mTFADDfrsvAkSQJtMBIfDLzR3eNgctWksCV1gcAKwBAbkwfDOaew~dyCijROtI6JB6TBJddkus4mswgHley8GxcMdQgXrYs8ARXMNoACp9bQ9dGwOvk4-8VjSSh3xrFNstjvb2WXDL22J1NokOfN8tBW3fguRWkOGzIANcGTjuiWdkzp1Vm07R9GlEtCphz0Nx6wFRYRVvfRuhnZ1DNij00ecymnb7J710yULvCUSrzxyD6BAK4J1OfPh9GPPuQr1aFAbzM3-1Tvd3EH3WQ__,12/20/2022,7355740048,"NIKE SPORTSWEAR
BLACK/BALTIC BLUE
Apparel
DX0100-010",12,CONFIRMED 0,12
https://artifact.prod.dpc.nike.io/v1/dpc/artifacts/3dea69ae-9979-4dd8-ab20-815f7c7238bf?format=png&height=100&width=100&Expires=1674248127&Key-Pair-Id=APKAIY5MFB6ZHRUC3VEA&Signature=d3y3Caz~qm7hX43fjPGwZiW8~Di2zGvukkKhq5tBW5PLxRLQhEDb22ZDzXDJkIzuPi1ETUZDSjAhUmaETgjCWjR27~MgVnRVFR66ogdmz9LDJUE85h-9WHhy9URzXkXpyoxZx-aSDLVWnveH2cVye3i3j3T9P3QcpIXgyTBbefk0qqUoeLdg0RcBFtjNtXM2GmQXTfqGtdptApTphyiPY4xlGEyVfPA1G8s2HUo0rJPJAxxWw3MGijf5kVefMsjVUsL9d6qNEy0dLpvr1TKn5ByVQjs6P8WOMwSD2PkIRKlSy7U6Vo6Sfue0lHstt~eButnNxsnNW18T2jWHRT5izw__,FU-TBNKEWA010123 ,7355731654,"NIKE SPORTSWEAR CLUB FLEECE
WHITE/BLACK
Apparel
DQ5174-100",12,CONFIRMED 0,12
https://artifact.prod.dpc.nike.io/v1/dpc/artifacts/552722eb-0ff5-4d2a-910d-dc79b6941cda?format=png&height=100&width=100&Expires=1674248127&Key-Pair-Id=APKAIY5MFB6ZHRUC3VEA&Signature=KpI8Cs3Z6kXHXYM3D7GwIdw4p9joEUDUstoeDq9VuE8kl0d0HTGaeFULqU0KreqbuGoJ-Oq~JAKr9Gzr1czt9TFjLyyFs4go6wRF91qmZJBYUcR0f5iogCGRewrH8cz5pn28Dsgq9hfAZ~8yNcLk7t9NeLe95d19Olb~RdLhcZmmUvQI0weQbo4tWTiqpGiaBi04r2zqM1hUOBx2BnHSH-BsHMt0S-GgvQhwFK5J4u12cqf720M3cj9GYQra542u7FeHUHWl6XiGdbN6GcTUMVRESfOrwT07waWeg2NalA-bPErrQ2EmhnSWwgHaymx4D1EebKP~-LAv49WDkgdgEw__,FU-TBNKEWA010123 ,7355731654,"NIKE SPORTSWEAR CLUB FLEECE
OATMEAL HEATHER/WHITE
Apparel
DQ5174-141",12,CONFIRMED 0,12
https://artifact.prod.dpc.nike.io/v1/dpc/artifacts/e4bd8345-ee88-4d02-9c8e-f3f3872c5697?format=png&height=100&width=100&Expires=1674248127&Key-Pair-Id=APKAIY5MFB6ZHRUC3VEA&Signature=gWGRfwzEVM4~sJ2n9ayUygv9zWn1sq6ynMwZBy5sdpOzgJX3RV09EzaWy~nYvBntD6NvyHFeb~NBLISDzcYWB2X3BPvJHMGLxsfoSvKgaHAIS0oMKXL9LOHhV4DP~hUil02Yt7rPrisRaqnYeDilauXi44ohVmBonD1EJ2xNx5Hnv6h4xcVGqmHaymOlKBHIbrA0CnRfBGNgu0w4nYBA7KM6BQUOruho8QJWL8com6sH2bpQHrTpe8PvZFrZTACkCrTFgOBPvk1STb7cBtiV91ckhE6gn78AeckYaXpYboedBFq1JlmDbnyz3QZYLQf~3~ckARLsTCbc7Yf5eRFqDg__,FU-TBNKEWA010123 ,7355731654,"NIKE SPORTSWEAR CLUB FLEECE
MED SOFT PINK/WHITE
Apparel
DQ5174-690",12,CONFIRMED 0,12
https://artifact.prod.dpc.nike.io/v1/dpc/artifacts/803fb16b-2853-4c0c-9738-4b19e3f01b7b?format=png&height=100&width=100&Expires=1674248127&Key-Pair-Id=APKAIY5MFB6ZHRUC3VEA&Signature=WY9JuTsjoCyzBBHpLZKMsaElsOes7Ah43Un2A8nTTK3CXfhqUQSRTMS6q1d33CCU2XnfAjmPYSzIoIATQUPq1rUTqfn8Xhgo1S0plDpVPeltEoul~IYNn24b9UHtRPXnfAWvh~B1WkcADJaarsh0Vdx7pg7fQN324K3xAcav-O67si~9sR93~8EeUt~JROq4io~tnLe9Q-WiwEz6pTpQXTEpTB0~ztlWoVUmmSpo1PbSgy-YVPSaNSi1OlKFwefDXErOQmwAcxx7u1OvvfU3txWKFohtty5T6NZvtSi6z~n590ePCHj1ctM2HDpXIhmtcWjRfW29dqMJ7ei8boiMDA__,FU-TBNKEWA010123 ,7355731654,"NIKE SPORTSWEAR CLUB FLEECE
OATMEAL HEATHER/WHITE
Apparel
DQ5471-141",12,CONFIRMED 0,12
https://artifact.prod.dpc.nike.io/v1/dpc/artifacts/3dea69ae-9979-4dd8-ab20-815f7c7238bf?format=png&height=100&width=100&Expires=1674248127&Key-Pair-Id=APKAIY5MFB6ZHRUC3VEA&Signature=d3y3Caz~qm7hX43fjPGwZiW8~Di2zGvukkKhq5tBW5PLxRLQhEDb22ZDzXDJkIzuPi1ETUZDSjAhUmaETgjCWjR27~MgVnRVFR66ogdmz9LDJUE85h-9WHhy9URzXkXpyoxZx-aSDLVWnveH2cVye3i3j3T9P3QcpIXgyTBbefk0qqUoeLdg0RcBFtjNtXM2GmQXTfqGtdptApTphyiPY4xlGEyVfPA1G8s2HUo0rJPJAxxWw3MGijf5kVefMsjVUsL9d6qNEy0dLpvr1TKn5ByVQjs6P8WOMwSD2PkIRKlSy7U6Vo6Sfue0lHstt~eButnNxsnNW18T2jWHRT5izw__,FU-LANNKEWA010123 ,7355731647,"NIKE SPORTSWEAR CLUB FLEECE
WHITE/BLACK
Apparel
DQ5174-100",12,CONFIRMED 0,12
https://artifact.prod.dpc.nike.io/v1/dpc/artifacts/552722eb-0ff5-4d2a-910d-dc79b6941cda?format=png&height=100&width=100&Expires=1674248127&Key-Pair-Id=APKAIY5MFB6ZHRUC3VEA&Signature=KpI8Cs3Z6kXHXYM3D7GwIdw4p9joEUDUstoeDq9VuE8kl0d0HTGaeFULqU0KreqbuGoJ-Oq~JAKr9Gzr1czt9TFjLyyFs4go6wRF91qmZJBYUcR0f5iogCGRewrH8cz5pn28Dsgq9hfAZ~8yNcLk7t9NeLe95d19Olb~RdLhcZmmUvQI0weQbo4tWTiqpGiaBi04r2zqM1hUOBx2BnHSH-BsHMt0S-GgvQhwFK5J4u12cqf720M3cj9GYQra542u7FeHUHWl6XiGdbN6GcTUMVRESfOrwT07waWeg2NalA-bPErrQ2EmhnSWwgHaymx4D1EebKP~-LAv49WDkgdgEw__,FU-LANNKEWA010123 ,7355731647,"NIKE SPORTSWEAR CLUB FLEECE
OATMEAL HEATHER/WHITE
Apparel
DQ5174-141",12,CONFIRMED 0,12
https://artifact.prod.dpc.nike.io/v1/dpc/artifacts/e4bd8345-ee88-4d02-9c8e-f3f3872c5697?format=png&height=100&width=100&Expires=1674248127&Key-Pair-Id=APKAIY5MFB6ZHRUC3VEA&Signature=gWGRfwzEVM4~sJ2n9ayUygv9zWn1sq6ynMwZBy5sdpOzgJX3RV09EzaWy~nYvBntD6NvyHFeb~NBLISDzcYWB2X3BPvJHMGLxsfoSvKgaHAIS0oMKXL9LOHhV4DP~hUil02Yt7rPrisRaqnYeDilauXi44ohVmBonD1EJ2xNx5Hnv6h4xcVGqmHaymOlKBHIbrA0CnRfBGNgu0w4nYBA7KM6BQUOruho8QJWL8com6sH2bpQHrTpe8PvZFrZTACkCrTFgOBPvk1STb7cBtiV91ckhE6gn78AeckYaXpYboedBFq1JlmDbnyz3QZYLQf~3~ckARLsTCbc7Yf5eRFqDg__,FU-LANNKEWA010123 ,7355731647,"NIKE SPORTSWEAR CLUB FLEECE
MED SOFT PINK/WHITE
Apparel
DQ5174-690",12,CONFIRMED 0,12
https://artifact.prod.dpc.nike.io/v1/dpc/artifacts/803fb16b-2853-4c0c-9738-4b19e3f01b7b?format=png&height=100&width=100&Expires=1674248127&Key-Pair-Id=APKAIY5MFB6ZHRUC3VEA&Signature=WY9JuTsjoCyzBBHpLZKMsaElsOes7Ah43Un2A8nTTK3CXfhqUQSRTMS6q1d33CCU2XnfAjmPYSzIoIATQUPq1rUTqfn8Xhgo1S0plDpVPeltEoul~IYNn24b9UHtRPXnfAWvh~B1WkcADJaarsh0Vdx7pg7fQN324K3xAcav-O67si~9sR93~8EeUt~JROq4io~tnLe9Q-WiwEz6pTpQXTEpTB0~ztlWoVUmmSpo1PbSgy-YVPSaNSi1OlKFwefDXErOQmwAcxx7u1OvvfU3txWKFohtty5T6NZvtSi6z~n590ePCHj1ctM2HDpXIhmtcWjRfW29dqMJ7ei8boiMDA__,FU-LANNKEWA010123 ,7355731647,"NIKE SPORTSWEAR CLUB FLEECE
OATMEAL HEATHER/WHITE
Apparel
DQ5471-141",12,CONFIRMED 0,12
https://artifact.prod.dpc.nike.io/v1/dpc/artifacts/1e33f392-8327-4529-9160-c720cc91f300?format=png&height=100&width=100&Expires=1674248074&Key-Pair-Id=APKAIY5MFB6ZHRUC3VEA&Signature=E9JDk1xrXOlszZQ~D~EUj4cywjC0JGgta0SiMtrfvg99nSSxsGyq3sJKTgjuizI~LiwOW7guEpsisPIzZAl8ZLVl53P0sNw5jD71xRCYAYhmP4QqY63pWduRVyg4Leydyfbmxj3rEbTvSAWqU0OU-JBbBvbGJvwVt7iO91fUEirnxv6Sk5qGE5rSYveLD3XC5NIYGLFoP8G1NI2-uRbJuWBy~As685HByP3stJv6ST1XFm4fyv1aTtwrk6MYvDbeaLoGytlnu8MwWIEf0AyHyRRtMA2asMpjP6eQsLZj3b1nHeLmzDQ9KUxqENsFZLa2RAAE0MgGWPwuB7VY5sWjfg__,FU-BELNKEWA010123 ,7355721909,"NIKE SPORTSWEAR
ACTIVE FUCHSIA/WHITE
Apparel
DV7850-623",10,CONFIRMED 0,10
https://artifact.prod.dpc.nike.io/v1/dpc/artifacts/babc5129-45e1-4d0a-939d-37d91d88edc9?format=png&height=100&width=100&Expires=1674248074&Key-Pair-Id=APKAIY5MFB6ZHRUC3VEA&Signature=M7cXcpa1b2ndkOq6LbsnDdw~kjdC98BIB9R7CXtnJi9GbM-U3N6tRxyQk5BCFAPUKM9mTFADDfrsvAkSQJtMBIfDLzR3eNgctWksCV1gcAKwBAbkwfDOaew~dyCijROtI6JB6TBJddkus4mswgHley8GxcMdQgXrYs8ARXMNoACp9bQ9dGwOvk4-8VjSSh3xrFNstjvb2WXDL22J1NokOfN8tBW3fguRWkOGzIANcGTjuiWdkzp1Vm07R9GlEtCphz0Nx6wFRYRVvfRuhnZ1DNij00ecymnb7J710yULvCUSrzxyD6BAK4J1OfPh9GPPuQr1aFAbzM3-1Tvd3EH3WQ__,FU-BELNKEWA010123 ,7355721909,"NIKE SPORTSWEAR
BLACK/BALTIC BLUE
Apparel
DX0100-010",10,CONFIRMED 0,10
https://artifact.prod.dpc.nike.io/v1/dpc/artifacts/b1b72099-fd2d-45d3-9598-4c6c55f8d2c2?format=png&height=100&width=100&Expires=1674247907&Key-Pair-Id=APKAIY5MFB6ZHRUC3VEA&Signature=sQXez7eu3qzQjLH0vAB6SJNHizVS90jSn63CF-b5tT-s2q41XlAUmEEDr6-Z3Irx3lk34S-cjeCE3LH49oJ9vxHfJk7J7cuP1UYqgMNiwHhghR665g65dyYIwKVWxv~k0~5Yemx3xjg~wTmA4Rhv9GAtd4zKhXig5VyYmFEq2rydZAxGOaNl92baVEtSAMgDOZYA-nvFAiTN9SgjHex8BkFM49lv~dkW8ypwADSpr5LsaetwA6StRjDvi~gAg41cJxPDNvEZ2tMdUMLVRM3rnLhs9kCKjw-eDCu7hdtYzedvacQs-uOOnwJvUl7E6W7TSUJgyUhLWBlLMpQR3P9KDw__,FU-TBNKEWA010123-TF ,7355716350,"NIKE SPORTSWEAR TECH FLEECE
PEARL PINK/BLACK
Apparel
CW4292-664",13,CONFIRMED 0,13
https://artifact.prod.dpc.nike.io/v1/dpc/artifacts/b1b72099-fd2d-45d3-9598-4c6c55f8d2c2?format=png&height=100&width=100&Expires=1674247907&Key-Pair-Id=APKAIY5MFB6ZHRUC3VEA&Signature=sQXez7eu3qzQjLH0vAB6SJNHizVS90jSn63CF-b5tT-s2q41XlAUmEEDr6-Z3Irx3lk34S-cjeCE3LH49oJ9vxHfJk7J7cuP1UYqgMNiwHhghR665g65dyYIwKVWxv~k0~5Yemx3xjg~wTmA4Rhv9GAtd4zKhXig5VyYmFEq2rydZAxGOaNl92baVEtSAMgDOZYA-nvFAiTN9SgjHex8BkFM49lv~dkW8ypwADSpr5LsaetwA6StRjDvi~gAg41cJxPDNvEZ2tMdUMLVRM3rnLhs9kCKjw-eDCu7hdtYzedvacQs-uOOnwJvUl7E6W7TSUJgyUhLWBlLMpQR3P9KDw__,FU-LANNKEWA010123-TF ,7355716343,"NIKE SPORTSWEAR TECH FLEECE
PEARL PINK/BLACK
Apparel
CW4292-664",13,CONFIRMED 0,13
https://artifact.prod.dpc.nike.io/v1/dpc/artifacts/2482106c-e7b8-4d32-a297-0cc51ddc918f?format=png&height=100&width=100&Expires=1674248512&Key-Pair-Id=APKAIY5MFB6ZHRUC3VEA&Signature=VAciCe9LntP9eWt4dG9aENF3nH~U-M-d1n8rnZzqGS3gd1rMN9xZJ~y~3Me0HxQmQTTYTWm7ccFWGjWyV-aN4nC8Ct-pQln7GY~iASgufwDP5NnXhF9IcABNoNTP3-fE7IHiMdl5uQm0-aN44EXpmmDNfExt8XsH6PB3xSXqI7N186~YK20dQKoVRgjFhHuTuoPXfX~4yh62AxqmlGS6DFlDkr8tqWKohiSXyU6E0pEbWWhGu5siTNU7je23PulVXKjIH1uZtMhpIeNhBxYFdwTNKR6bKjCvLTtg~mS4S6X53FC4gBrPVm3wxbl4MtMNN82bS2snvBuJOl~uBp~oWg__,FU-TBNKEMA010123 ,7355709773,"NIKE SPORTSWEAR CLUB FLEECE
WHEAT GOLD/WHEAT GOLD/WHITE
Apparel
BV2645-725",22,CONFIRMED 0,22
https://artifact.prod.dpc.nike.io/v1/dpc/artifacts/3dea69ae-9979-4dd8-ab20-815f7c7238bf?format=png&height=100&width=100&Expires=1674248127&Key-Pair-Id=APKAIY5MFB6ZHRUC3VEA&Signature=d3y3Caz~qm7hX43fjPGwZiW8~Di2zGvukkKhq5tBW5PLxRLQhEDb22ZDzXDJkIzuPi1ETUZDSjAhUmaETgjCWjR27~MgVnRVFR66ogdmz9LDJUE85h-9WHhy9URzXkXpyoxZx-aSDLVWnveH2cVye3i3j3T9P3QcpIXgyTBbefk0qqUoeLdg0RcBFtjNtXM2GmQXTfqGtdptApTphyiPY4xlGEyVfPA1G8s2HUo0rJPJAxxWw3MGijf5kVefMsjVUsL9d6qNEy0dLpvr1TKn5ByVQjs6P8WOMwSD2PkIRKlSy7U6Vo6Sfue0lHstt~eButnNxsnNW18T2jWHRT5izw__,FU-BELNKEWA010123 ,7355683553,"NIKE SPORTSWEAR CLUB FLEECE
WHITE/BLACK
Apparel
DQ5174-100",8,CONFIRMED 0,8
https://artifact.prod.dpc.nike.io/v1/dpc/artifacts/552722eb-0ff5-4d2a-910d-dc79b6941cda?format=png&height=100&width=100&Expires=1674248127&Key-Pair-Id=APKAIY5MFB6ZHRUC3VEA&Signature=KpI8Cs3Z6kXHXYM3D7GwIdw4p9joEUDUstoeDq9VuE8kl0d0HTGaeFULqU0KreqbuGoJ-Oq~JAKr9Gzr1czt9TFjLyyFs4go6wRF91qmZJBYUcR0f5iogCGRewrH8cz5pn28Dsgq9hfAZ~8yNcLk7t9NeLe95d19Olb~RdLhcZmmUvQI0weQbo4tWTiqpGiaBi04r2zqM1hUOBx2BnHSH-BsHMt0S-GgvQhwFK5J4u12cqf720M3cj9GYQra542u7FeHUHWl6XiGdbN6GcTUMVRESfOrwT07waWeg2NalA-bPErrQ2EmhnSWwgHaymx4D1EebKP~-LAv49WDkgdgEw__,FU-BELNKEWA010123 ,7355683553,"NIKE SPORTSWEAR CLUB FLEECE
OATMEAL HEATHER/WHITE
Apparel
DQ5174-141",8,CONFIRMED 0,8
https://artifact.prod.dpc.nike.io/v1/dpc/artifacts/e4bd8345-ee88-4d02-9c8e-f3f3872c5697?format=png&height=100&width=100&Expires=1674248127&Key-Pair-Id=APKAIY5MFB6ZHRUC3VEA&Signature=gWGRfwzEVM4~sJ2n9ayUygv9zWn1sq6ynMwZBy5sdpOzgJX3RV09EzaWy~nYvBntD6NvyHFeb~NBLISDzcYWB2X3BPvJHMGLxsfoSvKgaHAIS0oMKXL9LOHhV4DP~hUil02Yt7rPrisRaqnYeDilauXi44ohVmBonD1EJ2xNx5Hnv6h4xcVGqmHaymOlKBHIbrA0CnRfBGNgu0w4nYBA7KM6BQUOruho8QJWL8com6sH2bpQHrTpe8PvZFrZTACkCrTFgOBPvk1STb7cBtiV91ckhE6gn78AeckYaXpYboedBFq1JlmDbnyz3QZYLQf~3~ckARLsTCbc7Yf5eRFqDg__,FU-BELNKEWA010123 ,7355683553,"NIKE SPORTSWEAR CLUB FLEECE
MED SOFT PINK/WHITE
Apparel
DQ5174-690",8,CONFIRMED 0,8
https://artifact.prod.dpc.nike.io/v1/dpc/artifacts/803fb16b-2853-4c0c-9738-4b19e3f01b7b?format=png&height=100&width=100&Expires=1674248127&Key-Pair-Id=APKAIY5MFB6ZHRUC3VEA&Signature=WY9JuTsjoCyzBBHpLZKMsaElsOes7Ah43Un2A8nTTK3CXfhqUQSRTMS6q1d33CCU2XnfAjmPYSzIoIATQUPq1rUTqfn8Xhgo1S0plDpVPeltEoul~IYNn24b9UHtRPXnfAWvh~B1WkcADJaarsh0Vdx7pg7fQN324K3xAcav-O67si~9sR93~8EeUt~JROq4io~tnLe9Q-WiwEz6pTpQXTEpTB0~ztlWoVUmmSpo1PbSgy-YVPSaNSi1OlKFwefDXErOQmwAcxx7u1OvvfU3txWKFohtty5T6NZvtSi6z~n590ePCHj1ctM2HDpXIhmtcWjRfW29dqMJ7ei8boiMDA__,FU-BELNKEWA010123 ,7355683553,"NIKE SPORTSWEAR CLUB FLEECE
OATMEAL HEATHER/WHITE
Apparel
DQ5471-141",8,CONFIRMED 0,8
https://artifact.prod.dpc.nike.io/v1/dpc/artifacts/1e33f392-8327-4529-9160-c720cc91f300?format=png&height=100&width=100&Expires=1674248658&Key-Pair-Id=APKAIY5MFB6ZHRUC3VEA&Signature=AeZXv8yivNxeAUI2318ZxxoBExRFS~-~K3Getts8Q1M2BYHFsSBR9eiep1gxGWG47nmWrUWZBgYSdunasXILtx7TuOmsUGDGifYc~GNWQkV2rL4iCef-9QCyTYvzcia4u95HPp-5aTA7P0gXNwLRIn4KZB4HzBi9G0dr3l1~gA8EFO5Jk5TvMxYAY1sXW1ij36MVA-QhU0cPYcESFZmO3KIaiD34N4tdecSLri9e2aMSUtTz2ucWv3-ZsXa2Jmqo5fe-GFvVppCsvG-LBPM4hkN2Ud3~lm9Y72e1vVXGzrCPd6pfPRavGI~qnr0guH0rED5r0V0ayrRY-N-0u2SwDQ__,FU-LANNKEWA010123 ,7355564298,"NIKE SPORTSWEAR
ACTIVE FUCHSIA/WHITE
Apparel
DV7850-623",12,CONFIRMED 0,12
https://artifact.prod.dpc.nike.io/v1/dpc/artifacts/babc5129-45e1-4d0a-939d-37d91d88edc9?format=png&height=100&width=100&Expires=1674248658&Key-Pair-Id=APKAIY5MFB6ZHRUC3VEA&Signature=G6A1jkCMkfYYnYIJEkz~wgbHlPUc6Dxw02~9dKCXbtH2Wtst4EpZ9GTCVSN8EGkkh5EC651NrBJv6G7VxG3fL-QL7s7U0Fal810V6pIeh6uyKGIDR9gayWOv89zgBmRuQ050S5PfApEwYezWWMfsB7IKG2kUQFS1FrgqVP-JNgAqhhb-oV2GvZbppkwj9-~-i~w3wlPyk-UR3m783OyjSnw~UzXmqZ7HoUO9DJw9WUqNjwkxY9XjMpSAfcJg5Csjhw49n8pUkE1vWYmPkLG7EmaeqExxlX7fZ8Jy78besFSUuF3VJW4b~Fl0j~-ti2XvLXZBVsixM0GMkMFR1LBLVQ__,FU-LANNKEWA010123 ,7355564298,"NIKE SPORTSWEAR
BLACK/BALTIC BLUE
Apparel
DX0100-010",12,CONFIRMED 0,12
https://artifact.prod.dpc.nike.io/v1/dpc/artifacts/f5d94de5-d0bf-44f5-a20a-6a9c8078c23c?format=png&height=100&width=100&Expires=1674248711&Key-Pair-Id=APKAIY5MFB6ZHRUC3VEA&Signature=jD22dTFMircsyKs0-V9carRmj879nJhrRtD9BaDc2aen~~--12nlChv2IraBki9GclWZGPPn3LsC-WP97l1QOyt1rsFZ1sjgy3coKNobLE4A~MUhmjGHKIsPdhE5ouwFWW4xz0-1pWas4BC1z8sLtc1BekITHREvyeVajsVtO2DgeXqcdZjUnC1uzB9RGYsKL5iXnSAS05zoWUFMvCVCfhlDs9jg~9aybj3r6s87NY~33DgyDh~QwZjFX6D37Lqr9iNpNiM8P4vx1I~xPihP~ijuLPvdXTdPwIRnrWxUeS15ZCwcaI1sC7qiNn9wwtKpLqqP7-~C2yLu4MjyXpdkeA__,FU-TBJRDMA010123_T ,7355523224,"JORDAN AIR
PALOMINO/BLACK/SAIL
Apparel
DV1445-274",10,CONFIRMED 0,10
https://artifact.prod.dpc.nike.io/v1/dpc/artifacts/f5d94de5-d0bf-44f5-a20a-6a9c8078c23c?format=png&height=100&width=100&Expires=1674248711&Key-Pair-Id=APKAIY5MFB6ZHRUC3VEA&Signature=jD22dTFMircsyKs0-V9carRmj879nJhrRtD9BaDc2aen~~--12nlChv2IraBki9GclWZGPPn3LsC-WP97l1QOyt1rsFZ1sjgy3coKNobLE4A~MUhmjGHKIsPdhE5ouwFWW4xz0-1pWas4BC1z8sLtc1BekITHREvyeVajsVtO2DgeXqcdZjUnC1uzB9RGYsKL5iXnSAS05zoWUFMvCVCfhlDs9jg~9aybj3r6s87NY~33DgyDh~QwZjFX6D37Lqr9iNpNiM8P4vx1I~xPihP~ijuLPvdXTdPwIRnrWxUeS15ZCwcaI1sC7qiNn9wwtKpLqqP7-~C2yLu4MjyXpdkeA__,FU-LANJRDMA010123_T ,7355522022,"JORDAN AIR
PALOMINO/BLACK/SAIL
Apparel
DV1445-274",10,CONFIRMED 0,10
https://artifact.prod.dpc.nike.io/v1/dpc/artifacts/5901e107-0327-4559-950d-5829740c00f4?format=png&height=100&width=100&Expires=1674248816&Key-Pair-Id=APKAIY5MFB6ZHRUC3VEA&Signature=HbWecZLcdq-K-0xu7dzo8OilgMUIMSVVGjDNCdAgrDs2eC0vqOhEsvuqBZLCbPSTjkPrKNxsitTuO6LhjuJ4U-7StMl5DRPPpe5t1JxZzqU-wZBiuhH~2FrIaddD0mupYgd7DUFW1V9Au0XLhdWSBenXLJ1Cohp~X95k1XtwKAbl9x91nlJ4fKK3enA0YVPdK1fG435HkuU31DPPYN-EZgdPhghD3plWfdqHJv~4fvrfU~sWOkxO2jMjJ9g5DmY92kPP5UuLAa60t3Fk9FsS79X3jP0iAGKD5Lp0m6L0oUIF7-wQ~I-89aYdfSyllcXcXjwrX-pziF0~N86JfDdhDw__,FU-LANJRDWA010123 ,7355510445,"JORDAN BROOKLYN
GYM RED/WHITE
Apparel
DQ4478-687",10,CONFIRMED 5,5
https://artifact.prod.dpc.nike.io/v1/dpc/artifacts/02d56768-6971-429f-a2ac-9200b407fc65?format=png&height=100&width=100&Expires=1674248930&Key-Pair-Id=APKAIY5MFB6ZHRUC3VEA&Signature=fur0rNS988CYDRi~zOdsQ5AvzlZnbJytKKWAqnu5zbE~z53hTb76N77C4m9ZLvWZrOlQBjXxCiBkABulPGOiaYDgQjHT3k0yrS2uFgZT5bq0tltcR-B-dlb-84Jnk7dzOAIi4ukJDzEkxlS0c3D8zYUWR80GkJqqBdJPPUVOBHTpd3vciftK9JdSHVE7~54uwmu9PA7262nViGou2yEilSLLxYfTRBbU2mlKQ6g1uFdbaNELVVmNWRD6xRNV5-nmSwnYbILXjm~Fe0UmBpYYqriwGsA8hHPgh8kodE1F4XnejzLxlLvCrusBIAiM~dxwCIHXX~kgzVQmapyn0euDZg__,FU-BELJRDMA010123 ,7355506726,"JORDAN FLIGHT FLEECE
ICE BLUE/SAIL
Apparel
DR3087-411",8,CONFIRMED 0,8
https://artifact.prod.dpc.nike.io/v1/dpc/artifacts/5901e107-0327-4559-950d-5829740c00f4?format=png&height=100&width=100&Expires=1674248816&Key-Pair-Id=APKAIY5MFB6ZHRUC3VEA&Signature=HbWecZLcdq-K-0xu7dzo8OilgMUIMSVVGjDNCdAgrDs2eC0vqOhEsvuqBZLCbPSTjkPrKNxsitTuO6LhjuJ4U-7StMl5DRPPpe5t1JxZzqU-wZBiuhH~2FrIaddD0mupYgd7DUFW1V9Au0XLhdWSBenXLJ1Cohp~X95k1XtwKAbl9x91nlJ4fKK3enA0YVPdK1fG435HkuU31DPPYN-EZgdPhghD3plWfdqHJv~4fvrfU~sWOkxO2jMjJ9g5DmY92kPP5UuLAa60t3Fk9FsS79X3jP0iAGKD5Lp0m6L0oUIF7-wQ~I-89aYdfSyllcXcXjwrX-pziF0~N86JfDdhDw__,FU-BELJRDWA010123 ,7355500370,"JORDAN BROOKLYN
GYM RED/WHITE
Apparel
DQ4478-687",8,CONFIRMED 5,3
https://artifact.prod.dpc.nike.io/v1/dpc/artifacts/02d56768-6971-429f-a2ac-9200b407fc65?format=png&height=100&width=100&Expires=1674248930&Key-Pair-Id=APKAIY5MFB6ZHRUC3VEA&Signature=fur0rNS988CYDRi~zOdsQ5AvzlZnbJytKKWAqnu5zbE~z53hTb76N77C4m9ZLvWZrOlQBjXxCiBkABulPGOiaYDgQjHT3k0yrS2uFgZT5bq0tltcR-B-dlb-84Jnk7dzOAIi4ukJDzEkxlS0c3D8zYUWR80GkJqqBdJPPUVOBHTpd3vciftK9JdSHVE7~54uwmu9PA7262nViGou2yEilSLLxYfTRBbU2mlKQ6g1uFdbaNELVVmNWRD6xRNV5-nmSwnYbILXjm~Fe0UmBpYYqriwGsA8hHPgh8kodE1F4XnejzLxlLvCrusBIAiM~dxwCIHXX~kgzVQmapyn0euDZg__,FU-TBJRDMA010123 ,7355492460,"JORDAN FLIGHT FLEECE
ICE BLUE/SAIL
Apparel
DR3087-411",10,CONFIRMED 0,10
https://artifact.prod.dpc.nike.io/v1/dpc/artifacts/5901e107-0327-4559-950d-5829740c00f4?format=png&height=100&width=100&Expires=1674248816&Key-Pair-Id=APKAIY5MFB6ZHRUC3VEA&Signature=HbWecZLcdq-K-0xu7dzo8OilgMUIMSVVGjDNCdAgrDs2eC0vqOhEsvuqBZLCbPSTjkPrKNxsitTuO6LhjuJ4U-7StMl5DRPPpe5t1JxZzqU-wZBiuhH~2FrIaddD0mupYgd7DUFW1V9Au0XLhdWSBenXLJ1Cohp~X95k1XtwKAbl9x91nlJ4fKK3enA0YVPdK1fG435HkuU31DPPYN-EZgdPhghD3plWfdqHJv~4fvrfU~sWOkxO2jMjJ9g5DmY92kPP5UuLAa60t3Fk9FsS79X3jP0iAGKD5Lp0m6L0oUIF7-wQ~I-89aYdfSyllcXcXjwrX-pziF0~N86JfDdhDw__,FU-TBJRDWA010123 ,7355490904,"JORDAN BROOKLYN
GYM RED/WHITE
Apparel
DQ4478-687",10,CONFIRMED 8,2
https://artifact.prod.dpc.nike.io/v1/dpc/artifacts/02d56768-6971-429f-a2ac-9200b407fc65?format=png&height=100&width=100&Expires=1674248930&Key-Pair-Id=APKAIY5MFB6ZHRUC3VEA&Signature=fur0rNS988CYDRi~zOdsQ5AvzlZnbJytKKWAqnu5zbE~z53hTb76N77C4m9ZLvWZrOlQBjXxCiBkABulPGOiaYDgQjHT3k0yrS2uFgZT5bq0tltcR-B-dlb-84Jnk7dzOAIi4ukJDzEkxlS0c3D8zYUWR80GkJqqBdJPPUVOBHTpd3vciftK9JdSHVE7~54uwmu9PA7262nViGou2yEilSLLxYfTRBbU2mlKQ6g1uFdbaNELVVmNWRD6xRNV5-nmSwnYbILXjm~Fe0UmBpYYqriwGsA8hHPgh8kodE1F4XnejzLxlLvCrusBIAiM~dxwCIHXX~kgzVQmapyn0euDZg__,FU-LANJRDMA010123 ,7355375657,"JORDAN FLIGHT FLEECE
ICE BLUE/SAIL
Apparel
DR3087-411",10,CONFIRMED 0,10
https://artifact.prod.dpc.nike.io/v1/dpc/artifacts/10050e36-d006-4e60-9447-0227433af573?format=png&height=100&width=100&Expires=1674249500&Key-Pair-Id=APKAIY5MFB6ZHRUC3VEA&Signature=OFHZOuDEnDooKU6vHDK-imGel-nkJLte7DqMQ9BoeqVoAaBhtdgbvW-2JZFnsQ6uSNGU84RVUfkxf44Y5avryUI6VgmooQT9NpGzezwPC8UR7sbrCPOVkfErfbHPX1MXxrPctB6XQGXGPR0CAQH4D6xxGITKoKQCNMHLJGsOI43bPGaowOP0spxjZ48l8w7-flWWF5ibfQsuTrOLr23zBjGT-Nf8Q2eRgddamfALyD7OMs5BHJRdw3gKjIxT5gV64EqLH92XVk1CB2-NIl~1Wj1lgY-cDBRI1-MP~SLJU7gKa7MkhK9oQHryJrjJzvGZW4Spf1yu7lWZ0n9dKDD83Q__,FU-TBNKEWA010123_2 ,7355365368,"NIKE SPORTSWEAR CLUB FLEECE
HYPER ROYAL/HTR/WHITE
Apparel
DQ5775-405",14,CONFIRMED 0,14
https://artifact.prod.dpc.nike.io/v1/dpc/artifacts/f5d94de5-d0bf-44f5-a20a-6a9c8078c23c?format=png&height=100&width=100&Expires=1674249553&Key-Pair-Id=APKAIY5MFB6ZHRUC3VEA&Signature=m1LXI8ltQbWbgZi0omju5dw5j4trkwvcXpSV7H3gHG-9-m7DOKQYzV9iBVV7pjCLFytUOS2EvAtIvGDfn5QfrRJZUQa2PlChY69zBe5hdbAvmICNe3QyXeeFx9WD-lg5FArXdqiWSdQ0KLwBsyS5YjV-W2u8wNNczFFIfjWp9M3LwljLPVyKB36gSC83Tf9n-jrX96biUuQ~yPYG1KMM-nj1~8phTzFGJGAYOU2tRTNGrDcJD65OajhbpYr5Jfbi-~bULd5O36ZA20PkyBlR0sP7C4FI0mrTHIlj-5YY-u2aWmJkeqYl7cidBChsDn8GyreO4Q1YqJm4SV3XFEcxbA__,FU-BELJRDMA010123_T ,7355212594,"JORDAN AIR
PALOMINO/BLACK/SAIL
Apparel
DV1445-274",8,CONFIRMED 0,8
